Range; Name; Race; Starship; Level
Captain; James T. kirk; Human; USS Enterprise (NCC-1701); 92
First officer: Spock; Vulcan; USS Enterprise (NCC-1701); 88
Chief medical officer; Human; Leonard McCoy; USS Enterprise (NCC-1701); 87
Communications officer; Human; Nyota Uhura; USS Enterprise (NCC-1701); 88
Navigator; Human; Pavel Chekov; USS Enterprise (NCC-1701); 72
Science officer; Michael Burnham; Vulcan; USS Discovery (NCC-1031); 0
Captain; Gabriel Lorca; Human; USS Discovery (NCC-1031); 99
First officer; Saru; Kelpien; USS Discovery (NCC-1031); 98
